Investor_ID,Longevity,Female,Age,Income,ProfManage,Diversification,Affordability,Liquidity,Growth,Trustworthiness,Technology,Integrity,BrandValue,AUM
1,1,0,1,1,1,2,6,4,3,3,5,2,2,98062
2,2,0,1,1,2,1,6,3,4,2,6,2,1,99187
3,8,0,2,1,0,1,7,5,3,3,3,4,3,180043
4,8,0,2,1,1,2,6,5,4,4,2,4,2,159982
5,18,0,3,1,2,0,7,7,3,6,0,6,6,459815
6,2,0,1,2,2,1,4,4,5,2,7,2,1,273750
7,9,0,2,2,4,3,5,6,5,3,5,3,4,2282344
8,9,0,2,2,3,4,5,6,6,3,6,3,4,2452252
9,10,0,2,2,4,4,4,5,5,2,6,2,4,2704762
10,11,0,2,2,4,3,6,5,4,2,5,1,4,2820556
11,19,0,3,2,6,6,3,6,6,6,2,6,7,4746277
12,19,0,3,2,7,7,3,7,7,5,2,7,6,4490534
13,4,0,1,3,2,3,2,4,5,4,6,3,3,1358420
14,4,0,1,3,2,4,1,3,5,4,7,3,3,1608154
15,12,0,2,3,4,4,2,3,6,4,3,4,3,4830633
16,13,0,2,3,3,4,3,3,5,5,2,3,4,4380080
17,12,0,2,3,3,4,1,3,7,4,2,4,4,4182314
18,23,0,3,3,6,5,1,2,6,6,1,7,6,7979653
19,22,0,3,3,7,5,0,0,5,7,2,6,7,7206858
20,24,0,3,3,6,4,1,0,7,7,1,7,6,7442456
21,5,0,1,4,2,6,1,1,5,3,7,2,3,3378709
22,16,0,2,4,3,6,0,1,5,4,5,2,2,6568116
23,24,0,3,4,6,7,2,1,6,6,1,7,6,16744595
24,25,0,3,4,7,6,1,0,6,6,2,6,7,18911813
25,1,1,1,1,1,2,6,4,3,3,5,2,2,99782
26,1,1,1,1,2,1,6,3,4,2,6,2,1,99542
27,8,1,2,1,1,2,6,5,4,4,2,4,2,132244
28,1,1,1,2,2,1,4,4,5,2,7,2,1,253138
29,9,1,2,2,4,3,5,6,5,3,5,3,4,2145364
30,10,1,2,2,3,4,5,6,6,3,6,3,4,2331221
31,12,1,2,2,4,4,4,5,5,2,6,2,4,2657126
32,18,1,3,2,7,7,3,7,7,5,2,7,6,4470404
33,4,1,1,3,2,3,2,4,5,4,6,3,3,1545421
34,12,1,2,3,4,4,2,3,6,4,3,4,3,4264422
35,13,1,2,3,3,4,3,3,5,5,2,3,4,4418525
36,14,1,2,3,3,4,1,3,7,4,2,4,4,4127408
37,16,1,2,3,4,4,2,3,5,5,1,3,3,4838072
38,23,1,3,3,6,4,1,0,7,7,1,7,6,7692268
39,7,1,1,4,2,6,1,1,5,3,7,2,3,4027729
40,25,1,3,4,7,6,1,0,6,6,2,6,7,12469566
41,1,0,1,1,1,2,6,4,3,3,5,2,2,98029
42,2,0,1,1,2,1,6,3,4,2,6,2,1,99776
43,8,0,2,1,0,1,7,5,3,3,3,4,3,180406
44,8,0,2,1,1,2,6,5,4,4,2,4,2,160071
45,18,0,3,1,2,0,7,7,3,6,0,6,6,459904
46,2,0,1,2,2,1,4,4,5,2,7,2,1,273367
47,9,0,2,2,4,3,5,6,5,3,5,3,4,2341588
48,9,0,2,2,3,4,5,6,6,3,6,3,4,2379956
49,10,0,2,2,4,4,4,5,5,2,6,2,4,2724531
50,11,0,2,2,4,3,6,5,4,2,5,1,4,2862220
51,19,0,3,2,6,6,3,6,6,6,2,6,7,4685919
52,19,0,3,2,7,7,3,7,7,5,2,7,6,4441102
53,4,0,1,3,2,3,2,4,5,4,6,3,3,1355749
54,4,0,1,3,2,4,1,3,5,4,7,3,3,1666574
55,12,0,2,3,4,4,2,3,6,4,3,4,3,4910999
56,13,0,2,3,3,4,3,3,5,5,2,3,4,4392327
57,12,0,2,3,3,4,1,3,7,4,2,4,4,4157269
58,23,0,3,3,6,5,1,2,6,6,1,7,6,7911320
59,22,0,3,3,7,5,0,0,5,7,2,6,7,7136074
60,24,0,3,3,6,4,1,0,7,7,1,7,6,7424625
61,5,0,1,4,2,6,1,1,5,3,7,2,3,3357427
62,16,0,2,4,3,6,0,1,5,4,5,2,2,6568703
63,24,0,3,4,6,7,2,1,6,6,1,7,6,17148906
64,25,0,3,4,7,6,1,0,6,6,2,6,7,18829337
65,1,1,1,1,1,2,6,4,3,3,5,2,2,99925
66,1,1,1,1,2,1,6,3,4,2,6,2,1,100059
67,8,1,2,1,1,2,6,5,4,4,2,4,2,131901
68,1,1,1,2,2,1,4,4,5,2,7,2,1,245820
69,9,1,2,2,4,3,5,6,5,3,5,3,4,2159419
70,10,1,2,2,3,4,5,6,6,3,6,3,4,2368195
71,12,1,2,2,4,4,4,5,5,2,6,2,4,2662068
72,18,1,3,2,7,7,3,7,7,5,2,7,6,4468700
73,4,1,1,3,2,3,2,4,5,4,6,3,3,1548431
74,12,1,2,3,4,4,2,3,6,4,3,4,3,4257507
75,13,1,2,3,3,4,3,3,5,5,2,3,4,4344026
76,14,1,2,3,3,4,1,3,7,4,2,4,4,4134314
77,16,1,2,3,4,4,2,3,5,5,1,3,3,4885544
78,23,1,3,3,6,4,1,0,7,7,1,7,6,7674243
79,7,1,1,4,2,6,1,1,5,3,7,2,3,4051187
80,25,1,3,4,7,6,1,0,6,6,2,6,7,13192860
81,2,0,1,2,2,1,4,4,5,2,7,2,1,273423
82,4,0,1,3,2,3,2,4,5,4,6,3,3,1311080
83,5,0,1,4,2,6,1,1,5,3,7,2,3,3358355
84,10,0,2,2,4,4,4,5,5,2,6,2,4,2719604
85,12,0,2,3,4,4,2,3,6,4,3,4,3,4897052
86,12,0,2,3,3,4,1,3,7,4,2,4,4,4187312
87,16,0,2,4,3,6,0,1,5,4,5,2,2,6568150
88,19,0,3,2,6,6,3,6,6,6,2,6,7,4730690
89,22,0,3,3,7,5,0,0,5,7,2,6,7,7223822
90,25,0,3,4,7,6,1,0,6,6,2,6,7,18989323
91,1,1,1,2,2,1,4,4,5,2,7,2,1,253314
92,4,1,1,3,2,3,2,4,5,4,6,3,3,1561308
93,7,1,1,4,2,6,1,1,5,3,7,2,3,4053894
94,10,1,2,2,3,4,5,6,6,3,6,3,4,2317957
95,16,1,2,3,4,4,2,3,5,5,1,3,3,4848656
96,13,1,2,3,3,4,3,3,5,5,2,3,4,4339334
97,18,1,3,2,7,7,3,7,7,5,2,7,6,4481290
98,23,1,3,3,6,4,1,0,7,7,1,7,6,7496328
99,12,1,2,2,4,4,4,5,5,2,6,2,4,2676675
100,25,1,3,4,7,6,1,0,6,6,2,6,7,12589420
101,1,0,1,1,1,2,6,4,3,3,5,2,2,98066
102,2,0,1,1,2,1,6,3,4,2,6,2,1,99982
103,8,0,2,1,0,1,7,5,3,3,3,4,3,180003
104,8,0,2,1,1,2,6,5,4,4,2,4,2,159847
105,18,0,3,1,2,0,7,7,3,6,0,6,6,459716
106,2,0,1,2,2,1,4,4,5,2,7,2,1,273744
107,9,0,2,2,4,3,5,6,5,3,5,3,4,2253640
108,9,0,2,2,3,4,5,6,6,3,6,3,4,2366143
109,10,0,2,2,4,4,4,5,5,2,6,2,4,2666990
110,11,0,2,2,4,3,6,5,4,2,5,1,4,2830244
111,19,0,3,2,6,6,3,6,6,6,2,6,7,4711712
112,19,0,3,2,7,7,3,7,7,5,2,7,6,4498405
113,4,0,1,3,2,3,2,4,5,4,6,3,3,1350190
114,4,0,1,3,2,4,1,3,5,4,7,3,3,1650520
115,12,0,2,3,4,4,2,3,6,4,3,4,3,4903220
116,13,0,2,3,3,4,3,3,5,5,2,3,4,4425574
117,12,0,2,3,3,4,1,3,7,4,2,4,4,4204598
118,23,0,3,3,6,5,1,2,6,6,1,7,6,7906324
119,22,0,3,3,7,5,0,0,5,7,2,6,7,7128283
120,24,0,3,3,6,4,1,0,7,7,1,7,6,7434080
121,5,0,1,4,2,6,1,1,5,3,7,2,3,3381440
122,16,0,2,4,3,6,0,1,5,4,5,2,2,6568765
123,24,0,3,4,6,7,2,1,6,6,1,7,6,16954590
124,25,0,3,4,7,6,1,0,6,6,2,6,7,18713008
125,1,1,1,1,1,2,6,4,3,3,5,2,2,99265
126,1,1,1,1,2,1,6,3,4,2,6,2,1,99104
127,8,1,2,1,1,2,6,5,4,4,2,4,2,134444
128,1,1,1,2,2,1,4,4,5,2,7,2,1,244301
129,9,1,2,2,4,3,5,6,5,3,5,3,4,2170941
130,10,1,2,2,3,4,5,6,6,3,6,3,4,2319018
131,12,1,2,2,4,4,4,5,5,2,6,2,4,2677758
132,18,1,3,2,7,7,3,7,7,5,2,7,6,4462715
133,4,1,1,3,2,3,2,4,5,4,6,3,3,1559278
134,12,1,2,3,4,4,2,3,6,4,3,4,3,4320129
135,13,1,2,3,3,4,3,3,5,5,2,3,4,4355445
136,14,1,2,3,3,4,1,3,7,4,2,4,4,4193470
137,16,1,2,3,4,4,2,3,5,5,1,3,3,4851698
138,23,1,3,3,6,4,1,0,7,7,1,7,6,7499439
139,7,1,1,4,2,6,1,1,5,3,7,2,3,4016462
140,25,1,3,4,7,6,1,0,6,6,2,6,7,12860421
141,1,0,1,1,1,2,6,4,3,3,5,2,2,98089
142,2,0,1,1,2,1,6,3,4,2,6,2,1,99447
143,8,0,2,1,0,1,7,5,3,3,3,4,3,180228
144,8,0,2,1,1,2,6,5,4,4,2,4,2,160091
145,18,0,3,1,2,0,7,7,3,6,0,6,6,459691
146,2,0,1,2,2,1,4,4,5,2,7,2,1,273584
147,9,0,2,2,4,3,5,6,5,3,5,3,4,2315683
148,9,0,2,2,3,4,5,6,6,3,6,3,4,2453502
149,10,0,2,2,4,4,4,5,5,2,6,2,4,2788940
150,11,0,2,2,4,3,6,5,4,2,5,1,4,2879129
151,19,0,3,2,6,6,3,6,6,6,2,6,7,4763675
152,19,0,3,2,7,7,3,7,7,5,2,7,6,4503629
153,4,0,1,3,2,3,2,4,5,4,6,3,3,1301663
154,4,0,1,3,2,4,1,3,5,4,7,3,3,1649093
155,12,0,2,3,4,4,2,3,6,4,3,4,3,4871760
156,13,0,2,3,3,4,3,3,5,5,2,3,4,4396348
157,12,0,2,3,3,4,1,3,7,4,2,4,4,4202856
158,23,0,3,3,6,5,1,2,6,6,1,7,6,7882123
159,22,0,3,3,7,5,0,0,5,7,2,6,7,7160018
160,24,0,3,3,6,4,1,0,7,7,1,7,6,7447379
161,5,0,1,4,2,6,1,1,5,3,7,2,3,3336903
162,16,0,2,4,3,6,0,1,5,4,5,2,2,6568241
163,24,0,3,4,6,7,2,1,6,6,1,7,6,16678567
164,25,0,3,4,7,6,1,0,6,6,2,6,7,18620329
165,1,1,1,1,1,2,6,4,3,3,5,2,2,99996
166,1,1,1,1,2,1,6,3,4,2,6,2,1,99100
167,8,1,2,1,1,2,6,5,4,4,2,4,2,137806
168,1,1,1,2,2,1,4,4,5,2,7,2,1,251205
169,9,1,2,2,4,3,5,6,5,3,5,3,4,2184134
170,10,1,2,2,3,4,5,6,6,3,6,3,4,2373698
171,12,1,2,2,4,4,4,5,5,2,6,2,4,2678589
172,18,1,3,2,7,7,3,7,7,5,2,7,6,4502199
173,4,1,1,3,2,3,2,4,5,4,6,3,3,1540049
174,12,1,2,3,4,4,2,3,6,4,3,4,3,4237862
175,13,1,2,3,3,4,3,3,5,5,2,3,4,4351395
176,14,1,2,3,3,4,1,3,7,4,2,4,4,4155894
177,16,1,2,3,4,4,2,3,5,5,1,3,3,4858045
178,23,1,3,3,6,4,1,0,7,7,1,7,6,7625112
179,7,1,1,4,2,6,1,1,5,3,7,2,3,4011989
180,25,1,3,4,7,6,1,0,6,6,2,6,7,12773244
181,2,0,1,2,2,1,4,4,5,2,7,2,1,273744
182,4,0,1,3,2,3,2,4,5,4,6,3,3,1339050
183,5,0,1,4,2,6,1,1,5,3,7,2,3,3352363
184,10,0,2,2,4,4,4,5,5,2,6,2,4,2762276
185,12,0,2,3,4,4,2,3,6,4,3,4,3,4831368
186,12,0,2,3,3,4,1,3,7,4,2,4,4,4244482
187,16,0,2,4,3,6,0,1,5,4,5,2,2,6568154
188,19,0,3,2,6,6,3,6,6,6,2,6,7,4757276
189,22,0,3,3,7,5,0,0,5,7,2,6,7,7156716
190,25,0,3,4,7,6,1,0,6,6,2,6,7,19189009
191,1,1,1,2,2,1,4,4,5,2,7,2,1,247780
192,4,1,1,3,2,3,2,4,5,4,6,3,3,1588396
193,7,1,1,4,2,6,1,1,5,3,7,2,3,4064394
194,10,1,2,2,3,4,5,6,6,3,6,3,4,2390857
195,16,1,2,3,4,4,2,3,5,5,1,3,3,4863115
196,13,1,2,3,3,4,3,3,5,5,2,3,4,4421552
197,18,1,3,2,7,7,3,7,7,5,2,7,6,4443827
198,23,1,3,3,6,4,1,0,7,7,1,7,6,7436730
199,12,1,2,2,4,4,4,5,5,2,6,2,4,2661689
200,25,1,3,4,7,6,1,0,6,6,2,6,7,12623162
201,1,0,1,1,1,2,6,4,3,3,5,2,2,98032
202,2,0,1,1,2,1,6,3,4,2,6,2,1,99091
203,8,0,2,1,0,1,7,5,3,3,3,4,3,180077
204,8,0,2,1,1,2,6,5,4,4,2,4,2,160025
205,18,0,3,1,2,0,7,7,3,6,0,6,6,459632
206,2,0,1,2,2,1,4,4,5,2,7,2,1,273582
207,9,0,2,2,4,3,5,6,5,3,5,3,4,2331541
208,9,0,2,2,3,4,5,6,6,3,6,3,4,2467392
209,10,0,2,2,4,4,4,5,5,2,6,2,4,2757924
210,11,0,2,2,4,3,6,5,4,2,5,1,4,2875059
211,19,0,3,2,6,6,3,6,6,6,2,6,7,4666844
212,19,0,3,2,7,7,3,7,7,5,2,7,6,4467521
213,4,0,1,3,2,3,2,4,5,4,6,3,3,1300116
214,4,0,1,3,2,4,1,3,5,4,7,3,3,1623524
215,12,0,2,3,4,4,2,3,6,4,3,4,3,4842770
216,13,0,2,3,3,4,3,3,5,5,2,3,4,4398070
217,12,0,2,3,3,4,1,3,7,4,2,4,4,4189257
218,23,0,3,3,6,5,1,2,6,6,1,7,6,7867484
219,22,0,3,3,7,5,0,0,5,7,2,6,7,7153722
220,24,0,3,3,6,4,1,0,7,7,1,7,6,7384373
221,5,0,1,4,2,6,1,1,5,3,7,2,3,3407258
222,16,0,2,4,3,6,0,1,5,4,5,2,2,6569445
223,24,0,3,4,6,7,2,1,6,6,1,7,6,16479034
224,25,0,3,4,7,6,1,0,6,6,2,6,7,18958998
225,1,1,1,1,1,2,6,4,3,3,5,2,2,100004
226,1,1,1,1,2,1,6,3,4,2,6,2,1,99653
227,8,1,2,1,1,2,6,5,4,4,2,4,2,131427
228,1,1,1,2,2,1,4,4,5,2,7,2,1,258632
229,9,1,2,2,4,3,5,6,5,3,5,3,4,2191810
230,10,1,2,2,3,4,5,6,6,3,6,3,4,2339893
231,12,1,2,2,4,4,4,5,5,2,6,2,4,2672608
232,18,1,3,2,7,7,3,7,7,5,2,7,6,4491311
233,4,1,1,3,2,3,2,4,5,4,6,3,3,1544729
234,12,1,2,3,4,4,2,3,6,4,3,4,3,4306846
235,13,1,2,3,3,4,3,3,5,5,2,3,4,4328356
236,14,1,2,3,3,4,1,3,7,4,2,4,4,4189138
237,16,1,2,3,4,4,2,3,5,5,1,3,3,4837881
238,23,1,3,3,6,4,1,0,7,7,1,7,6,7600516
239,7,1,1,4,2,6,1,1,5,3,7,2,3,4044670
240,25,1,3,4,7,6,1,0,6,6,2,6,7,12486834
241,1,0,1,1,1,2,6,4,3,3,5,2,2,98059
242,2,0,1,1,2,1,6,3,4,2,6,2,1,99422
243,8,0,2,1,0,1,7,5,3,3,3,4,3,180103
244,8,0,2,1,1,2,6,5,4,4,2,4,2,159876
245,18,0,3,1,2,0,7,7,3,6,0,6,6,459967
246,2,0,1,2,2,1,4,4,5,2,7,2,1,273883
247,9,0,2,2,4,3,5,6,5,3,5,3,4,2341295
248,9,0,2,2,3,4,5,6,6,3,6,3,4,2366375
249,10,0,2,2,4,4,4,5,5,2,6,2,4,2775033
250,11,0,2,2,4,3,6,5,4,2,5,1,4,2860950
251,19,0,3,2,6,6,3,6,6,6,2,6,7,4700108
252,19,0,3,2,7,7,3,7,7,5,2,7,6,4456316
253,4,0,1,3,2,3,2,4,5,4,6,3,3,1364632
254,4,0,1,3,2,4,1,3,5,4,7,3,3,1604277
255,12,0,2,3,4,4,2,3,6,4,3,4,3,4894483
256,13,0,2,3,3,4,3,3,5,5,2,3,4,4428550
257,12,0,2,3,3,4,1,3,7,4,2,4,4,4167310
258,23,0,3,3,6,5,1,2,6,6,1,7,6,7891301
259,22,0,3,3,7,5,0,0,5,7,2,6,7,7162956
260,24,0,3,3,6,4,1,0,7,7,1,7,6,7410994
261,5,0,1,4,2,6,1,1,5,3,7,2,3,3326276
262,16,0,2,4,3,6,0,1,5,4,5,2,2,6567567
263,24,0,3,4,6,7,2,1,6,6,1,7,6,16924035
264,25,0,3,4,7,6,1,0,6,6,2,6,7,18580776
265,1,1,1,1,1,2,6,4,3,3,5,2,2,99465
266,1,1,1,1,2,1,6,3,4,2,6,2,1,99558
267,8,1,2,1,1,2,6,5,4,4,2,4,2,133867
268,1,1,1,2,2,1,4,4,5,2,7,2,1,249584
269,9,1,2,2,4,3,5,6,5,3,5,3,4,2174111
270,10,1,2,2,3,4,5,6,6,3,6,3,4,2352150
271,12,1,2,2,4,4,4,5,5,2,6,2,4,2642169
272,18,1,3,2,7,7,3,7,7,5,2,7,6,4501589
273,4,1,1,3,2,3,2,4,5,4,6,3,3,1564769
274,12,1,2,3,4,4,2,3,6,4,3,4,3,4253411
275,13,1,2,3,3,4,3,3,5,5,2,3,4,4379262
276,14,1,2,3,3,4,1,3,7,4,2,4,4,4125158
277,16,1,2,3,4,4,2,3,5,5,1,3,3,4878187
278,23,1,3,3,6,4,1,0,7,7,1,7,6,7654189
279,7,1,1,4,2,6,1,1,5,3,7,2,3,4074515
280,25,1,3,4,7,6,1,0,6,6,2,6,7,13070605
281,2,0,1,2,2,1,4,4,5,2,7,2,1,273456
282,4,0,1,3,2,3,2,4,5,4,6,3,3,1339381
283,5,0,1,4,2,6,1,1,5,3,7,2,3,3364752
284,10,0,2,2,4,4,4,5,5,2,6,2,4,2785644
285,12,0,2,3,4,4,2,3,6,4,3,4,3,4903999
286,12,0,2,3,3,4,1,3,7,4,2,4,4,4192950
287,16,0,2,4,3,6,0,1,5,4,5,2,2,6569011
288,19,0,3,2,6,6,3,6,6,6,2,6,7,4704501
289,22,0,3,3,7,5,0,0,5,7,2,6,7,7183612
290,25,0,3,4,7,6,1,0,6,6,2,6,7,18979799
291,1,1,1,2,2,1,4,4,5,2,7,2,1,258023
292,4,1,1,3,2,3,2,4,5,4,6,3,3,1551259
293,7,1,1,4,2,6,1,1,5,3,7,2,3,4036487
294,10,1,2,2,3,4,5,6,6,3,6,3,4,2326787
295,16,1,2,3,4,4,2,3,5,5,1,3,3,4890016
296,13,1,2,3,3,4,3,3,5,5,2,3,4,4414581
297,18,1,3,2,7,7,3,7,7,5,2,7,6,4489566
298,23,1,3,3,6,4,1,0,7,7,1,7,6,7475555
299,12,1,2,2,4,4,4,5,5,2,6,2,4,2659156
300,25,1,3,4,7,6,1,0,6,6,2,6,7,12532305
301,1,0,1,1,1,2,6,4,3,3,5,2,2,98059
302,2,0,1,1,2,1,6,3,4,2,6,2,1,99043
303,8,0,2,1,0,1,7,5,3,3,3,4,3,180058
304,8,0,2,1,1,2,6,5,4,4,2,4,2,159861
305,18,0,3,1,2,0,7,7,3,6,0,6,6,459852
306,2,0,1,2,2,1,4,4,5,2,7,2,1,273478
307,9,0,2,2,4,3,5,6,5,3,5,3,4,2337227
308,9,0,2,2,3,4,5,6,6,3,6,3,4,2443523
309,10,0,2,2,4,4,4,5,5,2,6,2,4,2793125
310,11,0,2,2,4,3,6,5,4,2,5,1,4,2844304
311,19,0,3,2,6,6,3,6,6,6,2,6,7,4741072
312,19,0,3,2,7,7,3,7,7,5,2,7,6,4486085
313,4,0,1,3,2,3,2,4,5,4,6,3,3,1279561
314,4,0,1,3,2,4,1,3,5,4,7,3,3,1680110
315,12,0,2,3,4,4,2,3,6,4,3,4,3,4835148
316,13,0,2,3,3,4,3,3,5,5,2,3,4,4438473
317,12,0,2,3,3,4,1,3,7,4,2,4,4,4179149
318,23,0,3,3,6,5,1,2,6,6,1,7,6,7926468
319,22,0,3,3,7,5,0,0,5,7,2,6,7,7212353
320,24,0,3,3,6,4,1,0,7,7,1,7,6,7401486
321,5,0,1,4,2,6,1,1,5,3,7,2,3,3344703
322,16,0,2,4,3,6,0,1,5,4,5,2,2,6569163
323,24,0,3,4,6,7,2,1,6,6,1,7,6,16829916
324,25,0,3,4,7,6,1,0,6,6,2,6,7,18340977
325,1,1,1,1,1,2,6,4,3,3,5,2,2,99931
326,1,1,1,1,2,1,6,3,4,2,6,2,1,99741
327,8,1,2,1,1,2,6,5,4,4,2,4,2,134117
328,1,1,1,2,2,1,4,4,5,2,7,2,1,256613
329,9,1,2,2,4,3,5,6,5,3,5,3,4,2123339
330,10,1,2,2,3,4,5,6,6,3,6,3,4,2366917
331,12,1,2,2,4,4,4,5,5,2,6,2,4,2660929
332,18,1,3,2,7,7,3,7,7,5,2,7,6,4482303
333,4,1,1,3,2,3,2,4,5,4,6,3,3,1547923
334,12,1,2,3,4,4,2,3,6,4,3,4,3,4275136
335,13,1,2,3,3,4,3,3,5,5,2,3,4,4342595
336,14,1,2,3,3,4,1,3,7,4,2,4,4,4184608
337,16,1,2,3,4,4,2,3,5,5,1,3,3,4846905
338,23,1,3,3,6,4,1,0,7,7,1,7,6,7687193
339,7,1,1,4,2,6,1,1,5,3,7,2,3,4084115
340,25,1,3,4,7,6,1,0,6,6,2,6,7,12835787
341,1,0,1,1,1,2,6,4,3,3,5,2,2,98005
342,2,0,1,1,2,1,6,3,4,2,6,2,1,99349
343,8,0,2,1,0,1,7,5,3,3,3,4,3,180101
344,8,0,2,1,1,2,6,5,4,4,2,4,2,159860
345,18,0,3,1,2,0,7,7,3,6,0,6,6,459518
346,2,0,1,2,2,1,4,4,5,2,7,2,1,273851
347,9,0,2,2,4,3,5,6,5,3,5,3,4,2336727
348,9,0,2,2,3,4,5,6,6,3,6,3,4,2438926
349,10,0,2,2,4,4,4,5,5,2,6,2,4,2751683
350,11,0,2,2,4,3,6,5,4,2,5,1,4,2882368
351,19,0,3,2,6,6,3,6,6,6,2,6,7,4730465
352,19,0,3,2,7,7,3,7,7,5,2,7,6,4464646
353,4,0,1,3,2,3,2,4,5,4,6,3,3,1268816
354,4,0,1,3,2,4,1,3,5,4,7,3,3,1648448
355,12,0,2,3,4,4,2,3,6,4,3,4,3,4829652
356,13,0,2,3,3,4,3,3,5,5,2,3,4,4427184
357,12,0,2,3,3,4,1,3,7,4,2,4,4,4228597
358,23,0,3,3,6,5,1,2,6,6,1,7,6,7981776
359,22,0,3,3,7,5,0,0,5,7,2,6,7,7125368
360,24,0,3,3,6,4,1,0,7,7,1,7,6,7432635
361,5,0,1,4,2,6,1,1,5,3,7,2,3,3404742
362,16,0,2,4,3,6,0,1,5,4,5,2,2,6568485
363,24,0,3,4,6,7,2,1,6,6,1,7,6,16551949
364,25,0,3,4,7,6,1,0,6,6,2,6,7,18341680
365,1,1,1,1,1,2,6,4,3,3,5,2,2,99313
366,1,1,1,1,2,1,6,3,4,2,6,2,1,99939
367,8,1,2,1,1,2,6,5,4,4,2,4,2,135207
368,1,1,1,2,2,1,4,4,5,2,7,2,1,250144
369,9,1,2,2,4,3,5,6,5,3,5,3,4,2141726
370,10,1,2,2,3,4,5,6,6,3,6,3,4,2330470
371,12,1,2,2,4,4,4,5,5,2,6,2,4,2667538
372,18,1,3,2,7,7,3,7,7,5,2,7,6,4506930
373,4,1,1,3,2,3,2,4,5,4,6,3,3,1550416
374,12,1,2,3,4,4,2,3,6,4,3,4,3,4319555
375,13,1,2,3,3,4,3,3,5,5,2,3,4,4366111
376,14,1,2,3,3,4,1,3,7,4,2,4,4,4161174
377,16,1,2,3,4,4,2,3,5,5,1,3,3,4843977
378,23,1,3,3,6,4,1,0,7,7,1,7,6,7503494
379,7,1,1,4,2,6,1,1,5,3,7,2,3,4069281
380,25,1,3,4,7,6,1,0,6,6,2,6,7,12764605
381,2,0,1,2,2,1,4,4,5,2,7,2,1,273507
382,4,0,1,3,2,3,2,4,5,4,6,3,3,1285762
383,5,0,1,4,2,6,1,1,5,3,7,2,3,3400020
384,10,0,2,2,4,4,4,5,5,2,6,2,4,2790383
385,12,0,2,3,4,4,2,3,6,4,3,4,3,4913251
386,12,0,2,3,3,4,1,3,7,4,2,4,4,4172672
387,16,0,2,4,3,6,0,1,5,4,5,2,2,6569724
388,19,0,3,2,6,6,3,6,6,6,2,6,7,4732717
389,22,0,3,3,7,5,0,0,5,7,2,6,7,7142146
390,25,0,3,4,7,6,1,0,6,6,2,6,7,19018241
391,1,1,1,2,2,1,4,4,5,2,7,2,1,249253
392,4,1,1,3,2,3,2,4,5,4,6,3,3,1557254
393,7,1,1,4,2,6,1,1,5,3,7,2,3,4006770
394,10,1,2,2,3,4,5,6,6,3,6,3,4,2387557
395,16,1,2,3,4,4,2,3,5,5,1,3,3,4859966
396,13,1,2,3,3,4,3,3,5,5,2,3,4,4357961
397,18,1,3,2,7,7,3,7,7,5,2,7,6,4532762
398,23,1,3,3,6,4,1,0,7,7,1,7,6,7440306
399,12,1,2,2,4,4,4,5,5,2,6,2,4,2640124
400,25,1,3,4,7,6,1,0,6,6,2,6,7,13024181
401,1,0,1,1,1,2,6,4,3,3,5,2,2,98002
402,2,0,1,1,2,1,6,3,4,2,6,2,1,99270
403,8,0,2,1,0,1,7,5,3,3,3,4,3,180042
404,8,0,2,1,1,2,6,5,4,4,2,4,2,159952
405,18,0,3,1,2,0,7,7,3,6,0,6,6,459459
406,2,0,1,2,2,1,4,4,5,2,7,2,1,273377
407,9,0,2,2,4,3,5,6,5,3,5,3,4,2341246
408,9,0,2,2,3,4,5,6,6,3,6,3,4,2435150
409,10,0,2,2,4,4,4,5,5,2,6,2,4,2748524
410,11,0,2,2,4,3,6,5,4,2,5,1,4,2816972
411,19,0,3,2,6,6,3,6,6,6,2,6,7,4705661
412,19,0,3,2,7,7,3,7,7,5,2,7,6,4445710
413,4,0,1,3,2,3,2,4,5,4,6,3,3,1337039
414,4,0,1,3,2,4,1,3,5,4,7,3,3,1698497
415,12,0,2,3,4,4,2,3,6,4,3,4,3,4915224
416,13,0,2,3,3,4,3,3,5,5,2,3,4,4383822
417,12,0,2,3,3,4,1,3,7,4,2,4,4,4217743
418,23,0,3,3,6,5,1,2,6,6,1,7,6,7891310
419,22,0,3,3,7,5,0,0,5,7,2,6,7,7211387
420,24,0,3,3,6,4,1,0,7,7,1,7,6,7436417
421,5,0,1,4,3,4,1,1,5,3,6,4,5,3379430
422,16,0,2,4,4,4,0,1,4,4,5,6,7,6568188
423,24,0,3,4,3,5,2,1,4,6,5,2,2,17049629
424,25,0,3,4,4,7,1,0,6,6,6,2,6,18618129
425,1,1,1,1,1,2,6,4,3,3,5,2,2,99984
426,1,1,1,1,2,1,6,3,4,2,6,2,1,100112
427,8,1,2,1,1,2,6,5,4,4,2,4,2,146162
428,1,1,1,2,2,1,4,4,5,2,7,2,1,259744
429,9,1,2,2,4,3,5,6,5,3,5,3,4,2124540
430,10,1,2,2,3,4,5,6,6,3,6,3,4,2390941
431,12,1,2,2,4,4,4,5,5,2,6,2,4,2632815
432,18,1,3,2,7,7,3,7,7,5,2,7,6,4451897
433,4,1,1,3,2,3,2,4,5,4,6,3,3,1579638
434,12,1,2,3,4,4,2,3,6,4,3,4,3,4231190
435,13,1,2,3,3,4,3,3,5,5,2,3,4,4327040
436,14,1,2,3,3,4,1,3,7,4,2,4,4,4143638
437,16,1,2,3,4,4,2,3,5,5,1,3,3,4880314
438,23,1,3,3,6,4,1,0,7,7,1,7,6,7528152
439,7,1,1,4,5,7,1,1,4,4,6,4,7,4054362
440,25,1,3,4,4,6,1,0,4,6,5,5,7,12811334
441,2,0,1,2,2,1,4,4,5,2,7,2,1,273731
442,4,0,1,3,2,3,2,4,5,4,6,3,3,1350368
443,5,0,1,4,4,7,1,1,5,3,4,4,4,3352875
444,10,0,2,2,4,4,4,5,5,2,6,2,4,2730641
445,12,0,2,3,4,4,2,3,6,4,3,4,3,4847686
446,12,0,2,3,3,4,1,3,7,4,2,4,4,4219405
447,16,0,2,4,3,5,0,1,6,4,6,5,7,6569236
448,19,0,3,2,6,6,3,6,6,6,2,6,7,4753824
449,22,0,3,3,7,5,0,0,5,7,2,6,7,7214509
450,25,0,3,4,5,6,1,0,4,6,3,4,7,18777417
451,1,1,1,2,2,1,4,4,5,2,7,2,1,260399
452,4,1,1,3,2,3,2,4,5,4,6,3,3,1577281
453,7,1,1,4,5,6,1,1,5,4,3,6,7,4080610
454,10,1,2,2,3,4,5,6,6,3,6,3,4,2351317
455,16,1,2,3,4,4,2,3,5,5,1,3,3,4891746
456,13,1,2,3,3,4,3,3,5,5,2,3,4,4387656
457,18,1,3,2,7,7,3,7,7,5,2,7,6,4517212
458,23,1,3,3,6,4,1,0,7,7,1,7,6,7615309
459,12,1,2,2,4,4,4,5,5,2,6,2,4,2666810
460,25,1,3,4,3,7,1,0,6,6,3,6,4,12790708
461,1,0,1,1,1,2,6,4,3,3,5,2,2,98082
462,2,0,1,1,2,1,6,3,4,2,6,2,1,99359
463,8,0,2,1,0,1,7,5,3,3,3,4,3,180051
464,8,0,2,1,1,2,6,5,4,4,2,4,2,159838
465,18,0,3,1,2,0,7,7,3,6,0,6,6,459685
466,2,0,1,2,2,1,4,4,5,2,7,2,1,273595
467,9,0,2,2,4,3,5,6,5,3,5,3,4,2273429
468,9,0,2,2,3,4,5,6,6,3,6,3,4,2379313
469,10,0,2,2,4,4,4,5,5,2,6,2,4,2704090
470,11,0,2,2,4,3,6,5,4,2,5,1,4,2825881
471,19,0,3,2,6,6,3,6,6,6,2,6,7,4727126
472,19,0,3,2,7,7,3,7,7,5,2,7,6,4482981
473,4,0,1,3,2,3,2,4,5,4,6,3,3,1308923
474,4,0,1,3,2,4,1,3,5,4,7,3,3,1606937
475,12,0,2,3,4,4,2,3,6,4,3,4,3,4871417
476,13,0,2,3,3,4,3,3,5,5,2,3,4,4363441
477,12,0,2,3,3,4,1,3,7,4,2,4,4,4232133
478,23,0,3,3,6,5,1,2,6,6,1,7,6,7916834
479,22,0,3,3,7,5,0,0,5,7,2,6,7,7132453
480,24,0,3,3,6,4,1,0,7,7,1,7,6,7401396
481,5,0,1,4,5,7,1,1,7,3,4,7,6,3391771
482,16,0,2,4,3,4,0,1,7,4,3,7,4,6567149
483,24,0,3,4,4,4,2,1,4,6,6,2,2,16464386
484,25,0,3,4,5,4,1,0,4,6,3,5,6,18681825
485,1,1,1,1,1,2,6,4,3,3,5,2,2,99180
486,1,1,1,1,2,1,6,3,4,2,6,2,1,99592
487,8,1,2,1,1,2,6,5,4,4,2,4,2,148239
488,1,1,1,2,2,1,4,4,5,2,7,2,1,250655
489,9,1,2,2,4,3,5,6,5,3,5,3,4,2186425
490,10,1,2,2,3,4,5,6,6,3,6,3,4,2369545
491,12,1,2,2,4,4,4,5,5,2,6,2,4,2634374
492,18,1,3,2,7,7,3,7,7,5,2,7,6,4472845
493,4,1,1,3,2,3,2,4,5,4,6,3,3,1584416
494,12,1,2,3,4,4,2,3,6,4,3,4,3,4312023
495,13,1,2,3,3,4,3,3,5,5,2,3,4,4350112
496,14,1,2,3,3,4,1,3,7,4,2,4,4,4175736
497,16,1,2,3,4,4,2,3,5,5,1,3,3,4867129
498,23,1,3,3,6,4,1,0,7,7,1,7,6,7534605
499,7,1,1,4,4,7,1,1,4,4,4,2,4,4010459
500,25,1,3,4,5,5,1,0,6,6,4,5,7,12473305
501,1,0,1,1,1,2,6,4,3,3,5,2,2,98107
502,2,0,1,1,2,1,6,3,4,2,6,2,1,99016
503,8,0,2,1,0,1,7,5,3,3,3,4,3,180096
504,8,0,2,1,1,2,6,5,4,4,2,4,2,159910
505,18,0,3,1,2,0,7,7,3,6,0,6,6,459392
506,2,0,1,2,2,1,4,4,5,2,7,2,1,273302
507,9,0,2,2,4,3,5,6,5,3,5,3,4,2333574
508,9,0,2,2,3,4,5,6,6,3,6,3,4,2431080
509,10,0,2,2,4,4,4,5,5,2,6,2,4,2773456
510,11,0,2,2,4,3,6,5,4,2,5,1,4,2871335
511,19,0,3,2,6,6,3,6,6,6,2,6,7,4722752
512,19,0,3,2,7,7,3,7,7,5,2,7,6,4470178
513,4,0,1,3,2,3,2,4,5,4,6,3,3,1342320
514,4,0,1,3,2,4,1,3,5,4,7,3,3,1634701
515,12,0,2,3,4,4,2,3,6,4,3,4,3,4860112
516,13,0,2,3,3,4,3,3,5,5,2,3,4,4380003
517,12,0,2,3,3,4,1,3,7,4,2,4,4,4164384
518,23,0,3,3,6,5,1,2,6,6,1,7,6,7875619
519,22,0,3,3,7,5,0,0,5,7,2,6,7,7195017
520,24,0,3,3,6,4,1,0,7,7,1,7,6,7437988
521,5,0,1,4,3,7,1,1,5,3,4,7,7,3363058
522,16,0,2,4,4,4,0,1,4,4,3,3,7,6569722
523,24,0,3,4,5,5,2,1,4,6,6,2,2,17012749
524,25,0,3,4,4,5,1,0,4,6,4,7,4,18848667
525,1,1,1,1,1,2,6,4,3,3,5,2,2,99015
526,1,1,1,1,2,1,6,3,4,2,6,2,1,99185
527,8,1,2,1,1,2,6,5,4,4,2,4,2,136316
528,1,1,1,2,2,1,4,4,5,2,7,2,1,248297
529,9,1,2,2,4,3,5,6,5,3,5,3,4,2152858
530,10,1,2,2,3,4,5,6,6,3,6,3,4,2325121
531,12,1,2,2,4,4,4,5,5,2,6,2,4,2662444
532,18,1,3,2,7,7,3,7,7,5,2,7,6,4444740
533,4,1,1,3,2,3,2,4,5,4,6,3,3,1567500
534,12,1,2,3,4,4,2,3,6,4,3,4,3,4293249
535,13,1,2,3,3,4,3,3,5,5,2,3,4,4420305
536,14,1,2,3,3,4,1,3,7,4,2,4,4,4188511
537,16,1,2,3,4,4,2,3,5,5,1,3,3,4854320
538,23,1,3,3,6,4,1,0,7,7,1,7,6,7677501
539,7,1,1,4,3,4,1,1,7,4,4,3,4,4087027
540,25,1,3,4,3,7,1,0,3,6,6,5,5,12662672
541,2,0,1,2,2,1,4,4,5,2,7,2,1,273899
542,4,0,1,3,2,3,2,4,5,4,6,3,3,1269826
543,5,0,1,4,4,7,1,1,6,3,4,5,4,3378189
544,10,0,2,2,4,4,4,5,5,2,6,2,4,2661299
545,12,0,2,3,4,4,2,3,6,4,3,4,3,4853462
546,12,0,2,3,3,4,1,3,7,4,2,4,4,4187320
547,16,0,2,4,4,6,0,1,3,4,6,7,6,6568573
548,19,0,3,2,6,6,3,6,6,6,2,6,7,4757053
549,22,0,3,3,7,5,0,0,5,7,2,6,7,7209366
550,25,0,3,4,3,6,1,0,6,6,6,6,7,18736668
551,1,1,1,2,2,1,4,4,5,2,7,2,1,256193
552,4,1,1,3,2,3,2,4,5,4,6,3,3,1538523
553,7,1,1,4,5,7,1,1,4,4,3,7,6,4046670
554,10,1,2,2,3,4,5,6,6,3,6,3,4,2373567
555,16,1,2,3,4,4,2,3,5,5,1,3,3,4840601
556,13,1,2,3,3,4,3,3,5,5,2,3,4,4332655
557,18,1,3,2,7,7,3,7,7,5,2,7,6,4534398
558,23,1,3,3,6,4,1,0,7,7,1,7,6,7604796
559,12,1,2,2,4,4,4,5,5,2,6,2,4,2664464
560,25,1,3,4,3,4,1,0,6,6,3,6,7,13296936
561,1,0,1,1,1,2,6,4,3,3,5,2,2,98110
562,2,0,1,1,2,1,6,3,4,2,6,2,1,99019
563,8,0,2,1,0,1,7,5,3,3,3,4,3,180140
564,8,0,2,1,1,2,6,5,4,4,2,4,2,160044
565,18,0,3,1,2,0,7,7,3,6,0,6,6,459380
566,2,0,1,2,2,1,4,4,5,2,7,2,1,273696
567,9,0,2,2,4,3,5,6,5,3,5,3,4,2356487
568,9,0,2,2,3,4,5,6,6,3,6,3,4,2447365
569,10,0,2,2,4,4,4,5,5,2,6,2,4,2757914
570,11,0,2,2,4,3,6,5,4,2,5,1,4,2873833
571,19,0,3,2,6,6,3,6,6,6,2,6,7,4680870
572,19,0,3,2,7,7,3,7,7,5,2,7,6,4498075
573,4,0,1,3,2,3,2,4,5,4,6,3,3,1325817
574,4,0,1,3,2,4,1,3,5,4,7,3,3,1676911
575,12,0,2,3,4,4,2,3,6,4,3,4,3,4873648
576,13,0,2,3,3,4,3,3,5,5,2,3,4,4421514
577,12,0,2,3,3,4,1,3,7,4,2,4,4,4156482
578,23,0,3,3,6,5,1,2,6,6,1,7,6,7929294
579,22,0,3,3,7,5,0,0,5,7,2,6,7,7173928
580,24,0,3,3,6,4,1,0,7,7,1,7,6,7427498
581,5,0,1,4,4,4,1,1,4,3,6,4,7,3361098
582,16,0,2,4,4,7,0,1,7,4,6,4,4,6566904
583,24,0,3,4,4,4,2,1,6,6,6,2,2,17234366
584,25,0,3,4,5,4,1,0,6,6,5,6,6,18915151
585,1,1,1,1,1,2,6,4,3,3,5,2,2,99355
586,1,1,1,1,2,1,6,3,4,2,6,2,1,100057
587,8,1,2,1,1,2,6,5,4,4,2,4,2,138178
588,1,1,1,2,2,1,4,4,5,2,7,2,1,255409
589,9,1,2,2,4,3,5,6,5,3,5,3,4,2165231
590,10,1,2,2,3,4,5,6,6,3,6,3,4,2344214
591,12,1,2,2,4,4,4,5,5,2,6,2,4,2674288
592,18,1,3,2,7,7,3,7,7,5,2,7,6,4482893
593,4,1,1,3,2,3,2,4,5,4,6,3,3,1553042
594,12,1,2,3,4,4,2,3,6,4,3,4,3,4271244
595,13,1,2,3,3,4,3,3,5,5,2,3,4,4415154
596,14,1,2,3,3,4,1,3,7,4,2,4,4,4133942
597,16,1,2,3,4,4,2,3,5,5,1,3,3,4837867
598,23,1,3,3,6,4,1,0,7,7,1,7,6,7544877
599,7,1,1,4,5,6,1,1,3,4,6,7,4,4066914
600,25,1,3,4,3,6,1,0,4,6,3,7,7,12524365
601,1,0,1,1,1,2,6,4,3,3,5,2,2,98061
602,2,0,1,1,2,1,6,3,4,2,6,2,1,98997
603,8,0,2,1,0,1,7,5,3,3,3,4,3,180381
604,8,0,2,1,1,2,6,5,4,4,2,4,2,159822
605,18,0,3,1,2,0,7,7,3,6,0,6,6,459527
606,2,0,1,2,2,1,4,4,5,2,7,2,1,273437
607,9,0,2,2,4,3,5,6,5,3,5,3,4,2336849
608,9,0,2,2,3,4,5,6,6,3,6,3,4,2452482
609,10,0,2,2,4,4,4,5,5,2,6,2,4,2714647
610,11,0,2,2,4,3,6,5,4,2,5,1,4,2886400
611,19,0,3,2,6,6,3,6,6,6,2,6,7,4757578
612,19,0,3,2,7,7,3,7,7,5,2,7,6,4483269
613,4,0,1,3,2,3,2,4,5,4,6,3,3,1282257
614,4,0,1,3,2,4,1,3,5,4,7,3,3,1679595
615,12,0,2,3,4,4,2,3,6,4,3,4,3,4870621
616,13,0,2,3,3,4,3,3,5,5,2,3,4,4380457
617,12,0,2,3,3,4,1,3,7,4,2,4,4,4163622
618,23,0,3,3,6,5,1,2,6,6,1,7,6,7868448
619,22,0,3,3,7,5,0,0,5,7,2,6,7,7151618
620,24,0,3,3,6,4,1,0,7,7,1,7,6,7393137
621,5,0,1,4,4,5,1,1,3,3,5,6,4,3414414
622,16,0,2,4,5,7,0,1,4,4,6,5,5,6567437
623,24,0,3,4,3,7,2,1,5,6,4,2,2,16829954
624,25,0,3,4,3,6,1,0,6,6,5,3,6,18616485
625,1,1,1,1,1,2,6,4,3,3,5,2,2,99532
626,1,1,1,1,2,1,6,3,4,2,6,2,1,99390
627,8,1,2,1,1,2,6,5,4,4,2,4,2,147963
628,1,1,1,2,2,1,4,4,5,2,7,2,1,247945
629,9,1,2,2,4,3,5,6,5,3,5,3,4,2185453
630,10,1,2,2,3,4,5,6,6,3,6,3,4,2358480
631,12,1,2,2,4,4,4,5,5,2,6,2,4,2629436
632,18,1,3,2,7,7,3,7,7,5,2,7,6,4522623
633,4,1,1,3,2,3,2,4,5,4,6,3,3,1574804
634,12,1,2,3,4,4,2,3,6,4,3,4,3,4249333
635,13,1,2,3,3,4,3,3,5,5,2,3,4,4373853
636,14,1,2,3,3,4,1,3,7,4,2,4,4,4182988
637,16,1,2,3,4,4,2,3,5,5,1,3,3,4882891
638,23,1,3,3,6,4,1,0,7,7,1,7,6,7676660
639,7,1,1,4,4,5,1,1,7,4,3,3,7,3999890
640,25,1,3,4,5,4,1,0,7,6,3,5,5,12839895
641,2,0,1,2,2,1,4,4,5,2,7,2,1,273428
642,4,0,1,3,2,3,2,4,5,4,6,3,3,1295662
643,5,0,1,4,5,5,1,1,3,3,6,6,7,3380995
644,10,0,2,2,4,4,4,5,5,2,6,2,4,2668842
645,12,0,2,3,4,4,2,3,6,4,3,4,3,4882271
646,12,0,2,3,3,4,1,3,7,4,2,4,4,4184472
647,16,0,2,4,3,7,0,1,7,4,5,7,4,6569724
648,19,0,3,2,6,6,3,6,6,6,2,6,7,4667241
649,22,0,3,3,7,5,0,0,5,7,2,6,7,7147386
650,25,0,3,4,3,6,1,0,7,6,3,5,4,18769553
651,1,1,1,2,2,1,4,4,5,2,7,2,1,253054
652,4,1,1,3,2,3,2,4,5,4,6,3,3,1592882
653,7,1,1,4,5,4,1,1,3,4,6,7,6,4041200
654,10,1,2,2,3,4,5,6,6,3,6,3,4,2314445
655,16,1,2,3,4,4,2,3,5,5,1,3,3,4836877
656,13,1,2,3,3,4,3,3,5,5,2,3,4,4347140
657,18,1,3,2,7,7,3,7,7,5,2,7,6,4524951
658,23,1,3,3,6,4,1,0,7,7,1,7,6,7448486
659,12,1,2,2,4,4,4,5,5,2,6,2,4,2651248
660,25,1,3,4,4,7,1,0,7,6,4,3,4,12910328
661,1,0,1,1,1,2,6,4,3,3,5,2,2,98125
662,2,0,1,1,2,1,6,3,4,2,6,2,1,100019
663,8,0,2,1,0,1,7,5,3,3,3,4,3,180179
664,8,0,2,1,1,2,6,5,4,4,2,4,2,160039
665,18,0,3,1,2,0,7,7,3,6,0,6,6,459881
666,2,0,1,2,2,1,4,4,5,2,7,2,1,273636
667,9,0,2,2,4,3,5,6,5,3,5,3,4,2291745
668,9,0,2,2,3,4,5,6,6,3,6,3,4,2413262
669,10,0,2,2,4,4,4,5,5,2,6,2,4,2655678
670,11,0,2,2,4,3,6,5,4,2,5,1,4,2826908
671,19,0,3,2,6,6,3,6,6,6,2,6,7,4720691
672,19,0,3,2,7,7,3,7,7,5,2,7,6,4493822
673,4,0,1,3,2,3,2,4,5,4,6,3,3,1344144
674,4,0,1,3,2,4,1,3,5,4,7,3,3,1617304
675,12,0,2,3,4,4,2,3,6,4,3,4,3,4832220
676,13,0,2,3,3,4,3,3,5,5,2,3,4,4448424
677,12,0,2,3,3,4,1,3,7,4,2,4,4,4196390
678,23,0,3,3,6,5,1,2,6,6,1,7,6,7982821
679,22,0,3,3,7,5,0,0,5,7,2,6,7,7177185
680,24,0,3,3,6,4,1,0,7,7,1,7,6,7351871
681,5,0,1,4,4,4,1,1,5,3,6,7,4,3331233
682,16,0,2,4,3,6,0,1,5,4,4,3,7,6569846
683,24,0,3,4,5,6,2,1,7,6,3,2,2,17200367
684,25,0,3,4,5,4,1,0,3,6,5,3,6,18651118
685,1,1,1,1,1,2,6,4,3,3,5,2,2,99832
686,1,1,1,1,2,1,6,3,4,2,6,2,1,99124
687,8,1,2,1,1,2,6,5,4,4,2,4,2,136844
688,1,1,1,2,2,1,4,4,5,2,7,2,1,248893
689,9,1,2,2,4,3,5,6,5,3,5,3,4,2164132
690,10,1,2,2,3,4,5,6,6,3,6,3,4,2374213
691,12,1,2,2,4,4,4,5,5,2,6,2,4,2664456
692,18,1,3,2,7,7,3,7,7,5,2,7,6,4486385
693,4,1,1,3,2,3,2,4,5,4,6,3,3,1540212
694,12,1,2,3,4,4,2,3,6,4,3,4,3,4255852
695,13,1,2,3,3,4,3,3,5,5,2,3,4,4370187
696,14,1,2,3,3,4,1,3,7,4,2,4,4,4141778
697,16,1,2,3,4,4,2,3,5,5,1,3,3,4878035
698,23,1,3,3,6,4,1,0,7,7,1,7,6,7528090
699,7,1,1,4,3,4,1,1,5,4,4,7,6,4064723
700,25,1,3,4,5,4,1,0,6,6,5,7,7,12669536
701,1,0,1,1,1,2,6,4,3,3,5,2,2,98004
702,2,0,1,1,2,1,6,3,4,2,6,2,1,99499
703,8,0,2,1,0,1,7,5,3,3,3,4,3,180115
704,8,0,2,1,1,2,6,5,4,4,2,4,2,160045
705,18,0,3,1,2,0,7,7,3,6,0,6,6,459783
706,2,0,1,2,2,1,4,4,5,2,7,2,1,273356
707,9,0,2,2,4,3,5,6,5,3,5,3,4,2343466
708,9,0,2,2,3,4,5,6,6,3,6,3,4,2423881
709,10,0,2,2,4,4,4,5,5,2,6,2,4,2693282
710,11,0,2,2,4,3,6,5,4,2,5,1,4,2888936
711,19,0,3,2,6,6,3,6,6,6,2,6,7,4705901
712,19,0,3,2,7,7,3,7,7,5,2,7,6,4472756
713,4,0,1,3,2,3,2,4,5,4,6,3,3,1311564
714,4,0,1,3,2,4,1,3,5,4,7,3,3,1633790
715,12,0,2,3,4,4,2,3,6,4,3,4,3,4856381
716,13,0,2,3,3,4,3,3,5,5,2,3,4,4457267
717,12,0,2,3,3,4,1,3,7,4,2,4,4,4172894
718,23,0,3,3,6,5,1,2,6,6,1,7,6,7948767
719,22,0,3,3,7,5,0,0,5,7,2,6,7,7174260
720,24,0,3,3,6,4,1,0,7,7,1,7,6,7395219
721,5,0,1,4,4,4,1,1,6,3,3,4,4,3402149
722,16,0,2,4,3,4,0,1,7,4,6,5,7,6568886
723,24,0,3,4,4,5,2,1,5,6,5,2,2,17293478
724,25,0,3,4,3,4,1,0,7,6,4,2,5,18912282
725,1,1,1,1,1,2,6,4,3,3,5,2,2,100080
726,1,1,1,1,2,1,6,3,4,2,6,2,1,99519
727,8,1,2,1,1,2,6,5,4,4,2,4,2,133568
728,1,1,1,2,2,1,4,4,5,2,7,2,1,255943
729,9,1,2,2,4,3,5,6,5,3,5,3,4,2157167
730,10,1,2,2,3,4,5,6,6,3,6,3,4,2355969
731,12,1,2,2,4,4,4,5,5,2,6,2,4,2649504
732,18,1,3,2,7,7,3,7,7,5,2,7,6,4443847
733,4,1,1,3,2,3,2,4,5,4,6,3,3,1576340
734,12,1,2,3,4,4,2,3,6,4,3,4,3,4298464
735,13,1,2,3,3,4,3,3,5,5,2,3,4,4346064
736,14,1,2,3,3,4,1,3,7,4,2,4,4,4153765
737,16,1,2,3,4,4,2,3,5,5,1,3,3,4874971
738,23,1,3,3,6,4,1,0,7,7,1,7,6,7527227
739,7,1,1,4,3,5,1,1,6,4,3,4,4,4064073
740,25,1,3,4,4,5,1,0,3,6,6,2,6,13023154
741,2,0,1,2,2,1,4,4,5,2,7,2,1,273916
742,4,0,1,3,2,3,2,4,5,4,6,3,3,1341458
743,5,0,1,4,5,5,1,1,3,3,5,3,4,3348778
744,10,0,2,2,4,4,4,5,5,2,6,2,4,2713830
745,12,0,2,3,4,4,2,3,6,4,3,4,3,4926010
746,12,0,2,3,3,4,1,3,7,4,2,4,4,4184711
747,16,0,2,4,3,7,0,1,7,4,5,4,4,6567499
748,19,0,3,2,6,6,3,6,6,6,2,6,7,4721512
749,22,0,3,3,7,5,0,0,5,7,2,6,7,7194269
750,25,0,3,4,4,6,1,0,6,6,5,5,4,19024957
751,1,1,1,2,2,1,4,4,5,2,7,2,1,260456
752,4,1,1,3,2,3,2,4,5,4,6,3,3,1564098
753,7,1,1,4,5,6,1,1,4,4,3,3,4,4011806
754,10,1,2,2,3,4,5,6,6,3,6,3,4,2331910
755,16,1,2,3,4,4,2,3,5,5,1,3,3,4859666
756,13,1,2,3,3,4,3,3,5,5,2,3,4,4399728
757,18,1,3,2,7,7,3,7,7,5,2,7,6,4444939
758,23,1,3,3,6,4,1,0,7,7,1,7,6,7673103
759,12,1,2,2,4,4,4,5,5,2,6,2,4,2620156
760,25,1,3,4,5,4,1,0,6,6,3,4,4,13005874
761,1,0,1,1,1,2,6,4,3,3,5,2,2,98063
762,2,0,1,1,2,1,6,3,4,2,6,2,1,99498
763,8,0,2,1,0,1,7,5,3,3,3,4,3,180111
764,8,0,2,1,1,2,6,5,4,4,2,4,2,159959
765,18,0,3,1,2,0,7,7,3,6,0,6,6,459729
766,2,0,1,2,2,1,4,4,5,2,7,2,1,273385
767,9,0,2,2,4,3,5,6,5,3,5,3,4,2264937
768,9,0,2,2,3,4,5,6,6,3,6,3,4,2380489
769,10,0,2,2,4,4,4,5,5,2,6,2,4,2709043
770,11,0,2,2,4,3,6,5,4,2,5,1,4,2823550
771,19,0,3,2,6,6,3,6,6,6,2,6,7,4683279
772,19,0,3,2,7,7,3,7,7,5,2,7,6,4486164
773,4,0,1,3,2,3,2,4,5,4,6,3,3,1308725
774,4,0,1,3,2,4,1,3,5,4,7,3,3,1700251
775,12,0,2,3,4,4,2,3,6,4,3,4,3,4881004
776,13,0,2,3,3,4,3,3,5,5,2,3,4,4379648
777,12,0,2,3,3,4,1,3,7,4,2,4,4,4198241
778,23,0,3,3,6,5,1,2,6,6,1,7,6,7984425
779,22,0,3,3,7,5,0,0,5,7,2,6,7,7224877
780,24,0,3,3,6,4,1,0,7,7,1,7,6,7379416
781,5,0,1,4,5,4,1,1,5,3,6,2,5,3370080
782,16,0,2,4,5,5,0,1,3,4,5,5,5,6567607
783,24,0,3,4,3,5,2,1,4,6,5,2,2,17222466
784,25,0,3,4,3,4,1,0,5,6,5,6,6,18962569
785,1,1,1,1,1,2,6,4,3,3,5,2,2,99409
786,1,1,1,1,2,1,6,3,4,2,6,2,1,99245
787,8,1,2,1,1,2,6,5,4,4,2,4,2,148395
788,1,1,1,2,2,1,4,4,5,2,7,2,1,262523
789,9,1,2,2,4,3,5,6,5,3,5,3,4,2125330
790,10,1,2,2,3,4,5,6,6,3,6,3,4,2376591
791,12,1,2,2,4,4,4,5,5,2,6,2,4,2627669
792,18,1,3,2,7,7,3,7,7,5,2,7,6,4453871
793,4,1,1,3,2,3,2,4,5,4,6,3,3,1577242
794,12,1,2,3,4,4,2,3,6,4,3,4,3,4275035
795,13,1,2,3,3,4,3,3,5,5,2,3,4,4353531
796,14,1,2,3,3,4,1,3,7,4,2,4,4,4168329
797,16,1,2,3,4,4,2,3,5,5,1,3,3,4890315
798,23,1,3,3,6,4,1,0,7,7,1,7,6,7471358
799,7,1,1,4,4,6,1,1,5,4,3,3,4,4067793
800,25,1,3,4,3,7,1,0,4,6,5,2,7,13239388
801,1,0,1,1,1,2,6,4,3,3,5,2,2,98072
802,2,0,1,1,2,1,6,3,4,2,6,2,1,99935
803,8,0,2,1,0,1,7,5,3,3,3,4,3,180373
804,8,0,2,1,1,2,6,5,4,4,2,4,2,159909
805,18,0,3,1,2,0,7,7,3,6,0,6,6,459695
806,2,0,1,2,2,1,4,4,5,2,7,2,1,273630
807,9,0,2,2,4,3,5,6,5,3,5,3,4,2257597
808,9,0,2,2,3,4,5,6,6,3,6,3,4,2432871
809,10,0,2,2,4,4,4,5,5,2,6,2,4,2710202
810,11,0,2,2,4,3,6,5,4,2,5,1,4,2857591
811,19,0,3,2,6,6,3,6,6,6,2,6,7,4720532
812,19,0,3,2,7,7,3,7,7,5,2,7,6,4445920
813,4,0,1,3,2,3,2,4,5,4,6,3,3,1331312
814,4,0,1,3,2,4,1,3,5,4,7,3,3,1690957
815,12,0,2,3,4,4,2,3,6,4,3,4,3,4865988
816,13,0,2,3,3,4,3,3,5,5,2,3,4,4395135
817,12,0,2,3,3,4,1,3,7,4,2,4,4,4242383
818,23,0,3,3,6,5,1,2,6,6,1,7,6,7911498
819,22,0,3,3,7,5,0,0,5,7,2,6,7,7193186
820,24,0,3,3,6,4,1,0,7,7,1,7,6,7396508
821,5,0,1,4,4,7,1,1,3,3,4,6,7,3390464
822,16,0,2,4,5,5,0,1,7,4,3,3,4,6569023
823,24,0,3,4,4,7,2,1,3,6,5,2,2,16694524
824,25,0,3,4,4,7,1,0,4,6,6,3,7,19009191
825,1,1,1,1,1,2,6,4,3,3,5,2,2,99567
826,1,1,1,1,2,1,6,3,4,2,6,2,1,99207
827,8,1,2,1,1,2,6,5,4,4,2,4,2,138232
828,1,1,1,2,2,1,4,4,5,2,7,2,1,259425
829,9,1,2,2,4,3,5,6,5,3,5,3,4,2172354
830,10,1,2,2,3,4,5,6,6,3,6,3,4,2366575
831,12,1,2,2,4,4,4,5,5,2,6,2,4,2629831
832,18,1,3,2,7,7,3,7,7,5,2,7,6,4474235
833,4,1,1,3,2,3,2,4,5,4,6,3,3,1564401
834,12,1,2,3,4,4,2,3,6,4,3,4,3,4275697
835,13,1,2,3,3,4,3,3,5,5,2,3,4,4329524
836,14,1,2,3,3,4,1,3,7,4,2,4,4,4177917
837,16,1,2,3,4,4,2,3,5,5,1,3,3,4844688
838,23,1,3,3,6,4,1,0,7,7,1,7,6,7692111
839,7,1,1,4,4,7,1,1,6,4,3,6,5,4070047
840,25,1,3,4,5,7,1,0,3,6,5,3,6,13112264
841,2,0,1,2,2,1,4,4,5,2,7,2,1,273850
842,4,0,1,3,2,3,2,4,5,4,6,3,3,1355172
843,5,0,1,4,4,7,1,1,4,3,4,5,6,3373530
844,10,0,2,2,4,4,4,5,5,2,6,2,4,2781594
845,12,0,2,3,4,4,2,3,6,4,3,4,3,4842685
846,12,0,2,3,3,4,1,3,7,4,2,4,4,4242444
847,16,0,2,4,4,4,0,1,3,4,6,4,5,6569431
848,19,0,3,2,6,6,3,6,6,6,2,6,7,4752694
849,22,0,3,3,7,5,0,0,5,7,2,6,7,7172663
850,25,0,3,4,4,4,1,0,3,6,5,7,4,18410344
851,1,1,1,2,2,1,4,4,5,2,7,2,1,244345
852,4,1,1,3,2,3,2,4,5,4,6,3,3,1584827
853,7,1,1,4,5,7,1,1,5,4,6,5,5,4062384
854,10,1,2,2,3,4,5,6,6,3,6,3,4,2363300
855,16,1,2,3,4,4,2,3,5,5,1,3,3,4836253
856,13,1,2,3,3,4,3,3,5,5,2,3,4,4369971
857,18,1,3,2,7,7,3,7,7,5,2,7,6,4453462
858,23,1,3,3,6,4,1,0,7,7,1,7,6,7527875
859,12,1,2,2,4,4,4,5,5,2,6,2,4,2652909
860,25,1,3,4,3,5,1,0,3,6,4,3,6,13344476
861,1,0,1,1,1,2,6,4,3,3,5,2,2,98077
862,2,0,1,1,2,1,6,3,4,2,6,2,1,99658
863,8,0,2,1,0,1,7,5,3,3,3,4,3,180140
864,8,0,2,1,1,2,6,5,4,4,2,4,2,159967
865,18,0,3,1,2,0,7,7,3,6,0,6,6,459957
866,2,0,1,2,2,1,4,4,5,2,7,2,1,273361
867,9,0,2,2,4,3,5,6,5,3,5,3,4,2291437
868,9,0,2,2,3,4,5,6,6,3,6,3,4,2390140
869,10,0,2,2,4,4,4,5,5,2,6,2,4,2684545
870,11,0,2,2,4,3,6,5,4,2,5,1,4,2826674
871,19,0,3,2,6,6,3,6,6,6,2,6,7,4697073
872,19,0,3,2,7,7,3,7,7,5,2,7,6,4459890
873,4,0,1,3,2,3,2,4,5,4,6,3,3,1337555
874,4,0,1,3,2,4,1,3,5,4,7,3,3,1675094
875,12,0,2,3,4,4,2,3,6,4,3,4,3,4878254
876,13,0,2,3,3,4,3,3,5,5,2,3,4,4424877
877,12,0,2,3,3,4,1,3,7,4,2,4,4,4233781
878,23,0,3,3,6,5,1,2,6,6,1,7,6,7860373
879,22,0,3,3,7,5,0,0,5,7,2,6,7,7158158
880,24,0,3,3,6,4,1,0,7,7,1,7,6,7382123
881,5,0,1,4,4,6,1,1,6,3,5,6,6,3382746
882,16,0,2,4,4,6,0,1,4,4,5,6,6,6568008
883,24,0,3,4,3,6,2,1,7,6,6,2,2,16372093
884,25,0,3,4,5,6,1,0,6,6,4,6,6,19216265
885,1,1,1,1,1,2,6,4,3,3,5,2,2,100005
886,1,1,1,1,2,1,6,3,4,2,6,2,1,99368
887,8,1,2,1,1,2,6,5,4,4,2,4,2,137591
888,1,1,1,2,2,1,4,4,5,2,7,2,1,261385
889,9,1,2,2,4,3,5,6,5,3,5,3,4,2153132
890,10,1,2,2,3,4,5,6,6,3,6,3,4,2355034
891,12,1,2,2,4,4,4,5,5,2,6,2,4,2622404
892,18,1,3,2,7,7,3,7,7,5,2,7,6,4495201
893,4,1,1,3,2,3,2,4,5,4,6,3,3,1575114
894,12,1,2,3,4,4,2,3,6,4,3,4,3,4249849
895,13,1,2,3,3,4,3,3,5,5,2,3,4,4345439
896,14,1,2,3,3,4,1,3,7,4,2,4,4,4171528
897,16,1,2,3,4,4,2,3,5,5,1,3,3,4871984
898,23,1,3,3,6,4,1,0,7,7,1,7,6,7662467
899,7,1,1,4,5,5,1,1,6,4,6,7,4,4099273
900,25,1,3,4,3,7,1,0,6,6,5,4,4,12729174
901,1,0,1,1,1,2,6,4,3,3,5,2,2,98071
902,2,0,1,1,2,1,6,3,4,2,6,2,1,99642
903,8,0,2,1,0,1,7,5,3,3,3,4,3,180312
904,8,0,2,1,1,2,6,5,4,4,2,4,2,159867
905,18,0,3,1,2,0,7,7,3,6,0,6,6,459937
906,2,0,1,2,2,1,4,4,5,2,7,2,1,273631
907,9,0,2,2,4,3,5,6,5,3,5,3,4,2351120
908,9,0,2,2,3,4,5,6,6,3,6,3,4,2413954
909,10,0,2,2,4,4,4,5,5,2,6,2,4,2675368
910,11,0,2,2,4,3,6,5,4,2,5,1,4,2882842
911,19,0,3,2,6,6,3,6,6,6,2,6,7,4696314
912,19,0,3,2,7,7,3,7,7,5,2,7,6,4440347
913,4,0,1,3,2,3,2,4,5,4,6,3,3,1342308
914,4,0,1,3,2,4,1,3,5,4,7,3,3,1684306
915,12,0,2,3,4,4,2,3,6,4,3,4,3,4844956
916,13,0,2,3,3,4,3,3,5,5,2,3,4,4426819
917,12,0,2,3,3,4,1,3,7,4,2,4,4,4194154
918,23,0,3,3,6,5,1,2,6,6,1,7,6,7973309
919,22,0,3,3,7,5,0,0,5,7,2,6,7,7179233
920,24,0,3,3,6,4,1,0,7,7,1,7,6,7411323
921,5,0,1,4,2,6,1,1,5,3,7,2,3,3394068
922,16,0,2,4,3,6,0,1,5,4,5,2,2,6566715
923,24,0,3,4,6,7,2,1,6,6,1,7,6,17143372
924,25,0,3,4,7,6,1,0,6,6,2,6,7,18673016
925,1,1,1,1,1,2,6,4,3,3,5,2,2,99828
926,1,1,1,1,2,1,6,3,4,2,6,2,1,99114
927,8,1,2,1,1,2,6,5,4,4,2,4,2,133437
928,1,1,1,2,2,1,4,4,5,2,7,2,1,247613
929,9,1,2,2,4,3,5,6,5,3,5,3,4,2122365
930,10,1,2,2,3,4,5,6,6,3,6,3,4,2326300
931,12,1,2,2,4,4,4,5,5,2,6,2,4,2667636
932,18,1,3,2,7,7,3,7,7,5,2,7,6,4531851
933,4,1,1,3,2,3,2,4,5,4,6,3,3,1581535
934,12,1,2,3,4,4,2,3,6,4,3,4,3,4226720
935,13,1,2,3,3,4,3,3,5,5,2,3,4,4422777
936,14,1,2,3,3,4,1,3,7,4,2,4,4,4193917
937,16,1,2,3,4,4,2,3,5,5,1,3,3,4881639
938,23,1,3,3,6,4,1,0,7,7,1,7,6,7506430
939,7,1,1,4,2,6,1,1,5,3,7,2,3,4097929
940,25,1,3,4,7,6,1,0,6,6,2,6,7,12660828
941,1,0,1,1,1,2,6,4,3,3,5,2,2,98106
942,2,0,1,1,2,1,6,3,4,2,6,2,1,99869
943,8,0,2,1,0,1,7,5,3,3,3,4,3,180298
944,8,0,2,1,1,2,6,5,4,4,2,4,2,160113
945,18,0,3,1,2,0,7,7,3,6,0,6,6,459512
946,2,0,1,2,2,1,4,4,5,2,7,2,1,273577
947,9,0,2,2,4,3,5,6,5,3,5,3,4,2281116
948,9,0,2,2,3,4,5,6,6,3,6,3,4,2441422
949,10,0,2,2,4,4,4,5,5,2,6,2,4,2675093
950,11,0,2,2,4,3,6,5,4,2,5,1,4,2814514
951,19,0,3,2,6,6,3,6,6,6,2,6,7,4727105
952,19,0,3,2,7,7,3,7,7,5,2,7,6,4439361
953,4,0,1,3,2,3,2,4,5,4,6,3,3,1267702
954,4,0,1,3,2,4,1,3,5,4,7,3,3,1703474
955,12,0,2,3,4,4,2,3,6,4,3,4,3,4873434
956,13,0,2,3,3,4,3,3,5,5,2,3,4,4363883
957,12,0,2,3,3,4,1,3,7,4,2,4,4,4218941
958,23,0,3,3,6,5,1,2,6,6,1,7,6,7948230
959,22,0,3,3,7,5,0,0,5,7,2,6,7,7168205
960,24,0,3,3,6,4,1,0,7,7,1,7,6,7430698
961,5,0,1,4,2,6,1,1,5,3,7,2,3,3338197
962,16,0,2,4,3,6,0,1,5,4,5,2,2,6567238
963,24,0,3,4,6,7,2,1,6,6,1,7,6,16925973
964,25,0,3,4,7,6,1,0,6,6,2,6,7,18934402
965,1,1,1,1,1,2,6,4,3,3,5,2,2,99726
966,1,1,1,1,2,1,6,3,4,2,6,2,1,99236
967,8,1,2,1,1,2,6,5,4,4,2,4,2,142393
968,1,1,1,2,2,1,4,4,5,2,7,2,1,256556
969,9,1,2,2,4,3,5,6,5,3,5,3,4,2181361
970,10,1,2,2,3,4,5,6,6,3,6,3,4,2369356
971,12,1,2,2,4,4,4,5,5,2,6,2,4,2663232
972,18,1,3,2,7,7,3,7,7,5,2,7,6,4520134
973,4,1,1,3,2,3,2,4,5,4,6,3,3,1540088
974,12,1,2,3,4,4,2,3,6,4,3,4,3,4323743
975,13,1,2,3,3,4,3,3,5,5,2,3,4,4411153
976,14,1,2,3,3,4,1,3,7,4,2,4,4,4144230
977,16,1,2,3,4,4,2,3,5,5,1,3,3,4869169
978,23,1,3,3,6,4,1,0,7,7,1,7,6,7602609
979,7,1,1,4,2,6,1,1,5,3,7,2,3,4041448
980,25,1,3,4,7,6,1,0,6,6,2,6,7,12771613
981,2,0,1,2,2,1,4,4,5,2,7,2,1,273435
982,4,0,1,3,2,3,2,4,5,4,6,3,3,1299290
983,5,0,1,4,2,6,1,1,5,3,7,2,3,3359147
984,10,0,2,2,4,4,4,5,5,2,6,2,4,2654248
985,12,0,2,3,4,4,2,3,6,4,3,4,3,4833809
986,12,0,2,3,3,4,1,3,7,4,2,4,4,4202690
987,16,0,2,4,3,6,0,1,5,4,5,2,2,6568117
988,19,0,3,2,6,6,3,6,6,6,2,6,7,4716278
989,22,0,3,3,7,5,0,0,5,7,2,6,7,7167008
990,25,0,3,4,7,6,1,0,6,6,2,6,7,18600491
991,1,1,1,2,2,1,4,4,5,2,7,2,1,248182
992,4,1,1,3,2,3,2,4,5,4,6,3,3,1588404
993,7,1,1,4,2,6,1,1,5,3,7,2,3,4026809
994,10,1,2,2,3,4,5,6,6,3,6,3,4,2390105
995,16,1,2,3,4,4,2,3,5,5,1,3,3,4889426
996,13,1,2,3,3,4,3,3,5,5,2,3,4,4356312
997,18,1,3,2,7,7,3,7,7,5,2,7,6,4509248
998,23,1,3,3,6,4,1,0,7,7,1,7,6,7414400
999,12,1,2,2,4,4,4,5,5,2,6,2,4,2663658
1000,25,1,3,4,7,6,1,0,6,6,2,6,7,12481287
